osm_id,name,type,x,y
26660119,,post_office,8.6172887000,47.3961929000
26678397,,parking,8.5942602000,47.4164304000
27035955,Tiefgarage,parking,8.6194839000,47.3971734000
28935141,Rheinfall Touristen Parkplatz,parking,8.6097833000,47.6766547000
28935142,Rheinfall Reisecar Parkplatz,parking,8.6101215000,47.6775001000
28935244,Rheinfall Touristen Parkplatz,parking,8.6094857000,47.6756905000
29015916,Parkhaus Herrenacker,parking,8.6335286000,47.6952024000
29043980,Rheinfallparkplatz Laufen,parking,8.6152151000,47.6750577000
29456433,Kantonsspital Winterthur,hospital,8.7287895000,47.5068410000
29527457,Teuchelweiher,parking,8.7330496000,47.4960216000
29531593,Post 8400 Winterthur,post_office,8.7245900000,47.5001198000
29531594,Post 8402 Obertor,post_office,8.7319194000,47.5002071000
29531596,Post Geiselweid,post_office,8.7405223000,47.4950041000
29532372,,parking,8.7280580000,47.5016037000
29532376,,parking,8.7264513000,47.5012008000
29532393,Bahnhof Winterthur,parking,8.7232649000,47.5002141000
29542482,Arch-Parkhaus,parking,8.7241288000,47.4980452000
29542485,,parking,8.7303351000,47.5023050000
29542541,,parking,8.7203553000,47.4992921000
29542818,Winterthur WÃ¼lflingen,post_office,8.6968772000,47.5110675000
29542819,Post TÃ¶ss,post_office,8.7057637000,47.4916121000
29542820,,post_office,8.7589962000,47.5099293000
29542821,Post Winterthur-Seen,post_office,8.7650711000,47.4855736000
29881480,Industrieplatz,parking,8.6183453000,47.6795613000
30757261,,parking,8.5356189000,47.3563059000
30883051,Parkhaus Gessnerallee,parking,8.5349754000,47.3754376000
32734050,X-UFO Parkplatz Fa. Distrelec,parking,8.6838266000,47.3723310000
32734051,Bahnhofsparkplatz,parking,8.6853838000,47.3699420000
33976386,,parking,8.5889959000,47.3817948000
33980199,,parking,8.5502292000,47.2999718000
34040795,,parking,8.7053248000,47.4825419000
50036485,,parking,8.5190586000,47.5748926000
52737457,,parking,8.6202875000,47.6731076000
60034691,KlÃ¤aranlage,parking,8.7232209000,47.2392388000
60134152,BahnhÃ¶fliplatz,parking,8.7718106000,47.2527221000
60231942,,parking,8.7230738000,47.2616825000
63004115,,hotel,8.4853345000,47.3876356000
63023258,Parkhaus Letzipark,parking,8.4976823000,47.3868022000
73649937,,post_office,8.5330169000,47.3448474000
75739689,,parking,8.5340827000,47.3497930000
83367257,Sanitas,hospital,8.5357080000,47.3215048000
84448605,,car_sharing,8.5307509000,47.3380778000
88917912,,parking,8.4362198000,47.4830904000
89238986,,parking,8.4275657000,47.4741666000
92297950,,parking,8.5687384000,47.4407339000
92544296,,post_office,8.5957718000,47.4087952000
92553668,,parking,8.5530974000,47.4095785000
92555130,,parking,8.5438586000,47.4105490000
93549263,,parking,8.6209041000,47.4221130000
94580314,,post_office,8.5461763000,47.3684216000
94847732,,post_office,8.5326663000,47.3842299000
96049402,Parkhaus Bach,parking,8.6383326000,47.6950937000
96049407,,parking,8.6337419000,47.6942050000
97842748,,parking,8.7080514000,47.4689285000
100031848,,parking,8.5106008000,47.4293935000
100031850,,parking,8.5115621000,47.4303980000
100871405,,parking,8.5156560000,47.5730081000
100963824,Sonne DÃ¼rnten,hotel,8.8431298000,47.2785940000
100963825,,post_office,8.8437066000,47.2785983000
104353615,Abart,nightclub,8.5223905000,47.3618168000
105307133,,parking,8.8128860000,47.3322373000
111247690,,post_office,8.5487107000,47.5028046000
119225396,Kinderspital ZÃ¼rich,hospital,8.5573127000,47.3720481000
119800303,ZÃ¼rich 33 Oberstrass,post_office,8.5480816000,47.3838969000
119800304,Bauhaus,hotel,8.5481255000,47.3841284000
120236581,,post_office,8.5624965000,47.5726152000
132397436,Hotel-Restaurant Zum Goldenen Kopf,hotel,8.5409888000,47.5185219000
132399774,Gasthaus Rathaus-Stube,hotel,8.5406111000,47.5172756000
140416737,,parking,8.5365743000,47.3738877000
140416888,Parkhaus Urania,parking,8.5411062000,47.3742480000
151313903,Psychiatrische UniveritÃ¤tsklinik BurghÃ¶lzli,hospital,8.5704413000,47.3531247000
151316957,Klinik Balgrist,hospital,8.5751850000,47.3533436000
151317563,Klinik Hirslanden,hospital,8.5760708000,47.3512413000
151319229,Schweizerische Epsilepsie Klinik,hospital,8.5691700000,47.3491885000
152420030,Krankenhaus Rehalp,hospital,8.5777445000,47.3515146000
155240424,,parking,8.6510388000,47.6260744000
155240695,,post_office,8.6514486000,47.6284573000
155241040,,post_office,8.6760580000,47.6237760000
206170604,,parking,8.7230020000,47.2416851000
206179964,Schiffstation,parking,8.6895037000,47.2529729000
211155877,Sihlpost,post_office,8.5351944000,47.3771357000
214708166,,parking,8.7172392000,47.5202905000
230092385,,parking,8.6177296000,47.4127398000
230100085,,parking,8.6181072000,47.4118744000
231013225,,parking,8.5978848000,47.3956825000
240982910,Technikum-Parkhaus,parking,8.7306437000,47.4976458000
242557527,,parking,8.7217018000,47.2401774000
243744633,,parking,8.5081122000,47.4022568000
246095596,,post_office,8.5381175000,47.3920487000
246251884,Hotel Krone,hotel,8.7271950000,47.4993847000
246560180,,parking,8.7644740000,47.5131400000
246570509,,parking,8.7616694000,47.4921091000
246636873,,parking,8.7407454000,47.4952361000
246646545,,post_office,8.9145577000,47.2762394000
246781227,Salzhaus,nightclub,8.7223324000,47.4975025000
246813423,,parking,8.4493210000,47.5085715000
247282742,,parking,8.6341532000,47.3739799000
247428622,,parking,8.7320564000,47.4940434000
248518634,Spital Dielsdorf,hospital,8.4511688000,47.4786538000
248518801,,post_office,8.4569857000,47.4822124000
248518808,,post_office,8.4146471000,47.4990198000
249500486,,parking,8.6421133000,47.3702598000
250177308,,parking,8.6300949000,47.3784396000
250574782,,parking,8.3809412000,47.5060969000
250575273,,parking,8.3690670000,47.5116973000
251191274,,post_office,8.3790188000,47.5079454000
251873702,Post Ebmatingen,post_office,8.6409588000,47.3521336000
252549089,Pasadena,nightclub,8.6801448000,47.3814611000
252599102,,post_office,8.7020379000,47.3444021000
253409050,TapTab,nightclub,8.6372073000,47.6946036000
253409309,Kammgarn,nightclub,8.6366580000,47.6945516000
253461327,Garden Club,nightclub,8.7232985000,47.4979754000
254674774,,parking,8.7623387000,47.3755268000
254674777,,parking,8.8136136000,47.3765505000
257142068,,parking,8.7715848000,47.2993526000
259007811,,parking,8.4037645000,47.4076075000
259772488,,post_office,8.5973604000,47.2609797000
259792361,Fischental Skilift,parking,8.9242205000,47.3223932000
261651357,Plattenhof,hotel,8.5532500000,47.3737857000
262113317,,parking,8.4707379000,47.4886756000
262400821,,post_office,8.5308131000,47.3649222000
262594573,,parking,8.6452998000,47.2680893000
262594590,,parking,8.6463795000,47.2689404000
262595543,8622 Wetzikon ZH 2,post_office,8.8014011000,47.3274303000
262595868,,post_office,8.7916505000,47.3189247000
262596030,,parking,8.7931954000,47.3175864000
262596340,GZO Spital Wetzikon,hospital,8.8017897000,47.3214683000
262860981,,parking,8.6679939000,47.2752547000
264064792,,post_office,8.5910327000,47.4130494000
264667956,Privatklinik Hohenegg,hospital,8.6601960000,47.2736953000
264667962,,parking,8.6608022000,47.2740757000
264668530,,parking,8.6483310000,47.2675471000
264668742,,parking,8.6614030000,47.2639068000
264794437,,post_office,8.6196463000,47.4218027000
265091939,,post_office,8.5232889000,47.3710943000
265145872,,parking,8.6220211000,47.4190399000
265321111,,parking,8.6213488000,47.4127602000
265378673,,parking,8.6382794000,47.3709104000
265569078,,post_office,8.7214588000,47.2697607000
266630278,,post_office,8.5096704000,47.3781221000
266812262,Post Embrach,post_office,8.5937096000,47.5061925000
266864399,COOP Parkhaus,parking,8.6161786000,47.3977730000
266864400,,parking,8.6168996000,47.3981216000
266864402,,parking,8.6186076000,47.3984877000
266864442,,nightclub,8.6165441000,47.3973291000
266864549,Wohnland Parkhaus,parking,8.6006368000,47.4011872000
266864552,,parking,8.6045830000,47.4014929000
266864554,P1,nightclub,8.6055835000,47.4010482000
266864556,Interio,parking,8.6048471000,47.4006869000
266864558,Sonnental,hotel,8.6043468000,47.3958931000
266864561,Hotel Schweizerhof,hotel,8.6209526000,47.3984339000
266864565,Sporthalle StÃ¤genbuck,parking,8.6215115000,47.4032782000
266864566,Hallenbad StÃ¤genbuck,parking,8.6222366000,47.4029398000
266864568,Eichstock Parkplatz,parking,8.6251964000,47.3923921000
266915034,Spitel Zimmerberg,hospital,8.5894632000,47.2630480000
266953446,,parking,8.6186943000,47.2539684000
267035237,,post_office,8.5298934000,47.4530464000
267238980,,parking,8.4637701000,47.4454166000
267238982,,parking,8.4651788000,47.4439679000
267345247,Rohstofflager,nightclub,8.5122855000,47.3903120000
267345290,Moods (im Schiffbau),nightclub,8.5183451000,47.3889988000
267345397,Hive,nightclub,8.5205734000,47.3849426000
267345557,,parking,8.5193803000,47.3882724000
267345652,Labor Bar,nightclub,8.5189441000,47.3884382000
267879354,GiesshÃ¼bel,post_office,8.5166032000,47.3605352000
268141759,Oxa,nightclub,8.5546535000,47.4124434000
268410671,Seegarten,hotel,8.5492855000,47.3614994000
268411423,Seefeld,hotel,8.5512853000,47.3616215000
268411547,Steigenberger Bellerive,hotel,8.5476633000,47.3621215000
268411631,Eden au Lac,hotel,8.5474058000,47.3625982000
268411873,Hotel Seehof,hotel,8.5477661000,47.3642753000
268411928,Hotel Baur au Lac,hotel,8.5394357000,47.3671492000
268412177,Hotel Savoy Baur en Ville,hotel,8.5397876000,47.3697302000
268427930,,parking,8.5107103000,47.3920007000
268472863,Lady's First,hotel,8.5499891000,47.3603684000
268473495,Europe,hotel,8.5472340000,47.3643276000
268473496,Ambassador,hotel,8.5471310000,47.3644613000
268488783,Parkhaus Utoquai,parking,8.5481736000,47.3618003000
268596963,Trend Hotel,hotel,8.4762004000,47.4386498000
268601323,Parkhaus ZÃ¼richhorn,parking,8.5537813000,47.3560120000
268601387,Parkhaus ZÃ¼richhorn,parking,8.5534122000,47.3555817000
268601642,,post_office,8.5540592000,47.3576581000
268601822,Feldegg,parking,8.5536161000,47.3604977000
268602000,Sorell,hotel,8.5539873000,47.3617564000
268602187,Bistro,parking,8.5489541000,47.3631370000
268656470,,post_office,8.4698359000,47.4312785000
269120265,,post_office,8.7168263000,47.3502051000
269237873,,parking,8.7185254000,47.3483865000
269423292,Stop Shop,nightclub,8.7174715000,47.3467888000
269549803,,parking,8.7157760000,47.3485919000
269850271,,parking,8.5035763000,47.3934136000
269913251,Hohe Promenade,parking,8.5473988000,47.3683672000
269915325,,parking,8.7170835000,47.3502183000
270688190,Adagio,nightclub,8.5373129000,47.3660385000
270688395,Le Bal Zurich,nightclub,8.5374502000,47.3655327000
270691054,Claridge,hotel,8.5510530000,47.3692907000
270695757,Opera,hotel,8.5475088000,47.3642144000
270792778,The Dolder Grand,hotel,8.5737317000,47.3726179000
270793165,Dolder Waldhaus,hotel,8.5687535000,47.3733968000
270799196,Foyer-Hottingen,hotel,8.5535271000,47.3697463000
270799857,Villette,hotel,8.5455449000,47.3682930000
270800529,Otter,hotel,8.5455964000,47.3685605000
270800701,California,hotel,8.5444806000,47.3688337000
270800927,Helmhaus,hotel,8.5440950000,47.3691599000
270802863,Zum Storchen,hotel,8.5418700000,47.3713585000
270937107,Florhof,hotel,8.5486698000,47.3723163000
271029692,,post_office,8.5550258000,47.3643690000
271149350,Luis Mis Bellevue Garage,parking,8.5463861000,47.3678382000
271150279,Parkhaus Vorderberg,parking,8.5586942000,47.3762784000
271150685,ZÃ¼richberg,hotel,8.5669254000,47.3824855000
271219475,,hotel,8.5667042000,47.3518801000
271220666,Schulthess Klinik,hospital,8.5735781000,47.3524464000
271329155,ZÃ¼rich,hotel,8.5447844000,47.4113544000
271354060,,post_office,8.7581897000,47.3203581000
273933362,,post_office,8.6028269000,47.3465729000
274824641,,post_office,8.5412908000,47.3689390000
274983267,Arabellasheraton Neues Schloss,hotel,8.5360293000,47.3654989000
274983716,Park Hyatt,hotel,8.5363297000,47.3666907000
274986771,GlÃ¤rnischhof,hotel,8.5374869000,47.3675057000
275165240,,parking,8.6992867000,47.4464459000
276352478,,post_office,8.5077491000,47.4193849000
276364166,Hotel Kronenhof,hotel,8.5055044000,47.4193308000
276406403,Ibis,hotel,8.5171486000,47.3889818000
276406426,Novotel,hotel,8.5166806000,47.3891321000
276406491,Etap,hotel,8.5162036000,47.3889304000
276406630,MÃ¶venpick,hotel,8.4674704000,47.4311005000
277729526,,post_office,8.7954081000,47.4989545000
277732383,,parking,8.8056624000,47.5076111000
277735331,,parking,8.8005042000,47.5024279000
277740449,,parking,8.7930088000,47.5032826000
277746986,,parking,8.7613878000,47.4873725000
278204962,,parking,8.8518158000,47.2563858000
278205042,,parking,8.8543067000,47.2565767000
278798230,Migros Parking,parking,8.7056568000,47.2065057000
278818646,,parking,8.4745609000,47.3957983000
279380550,,parking,8.4313930000,47.2466647000
279477224,Post Richterswil,post_office,8.7053710000,47.2096834000
280799909,Post Richterswil Burghalden,post_office,8.6929310000,47.2086862000
280800020,Paracelsus Spital,hospital,8.6999990000,47.2078694000
281384723,,parking,8.7051146000,47.2111000000
281521162,,parking,8.6803532000,47.2856271000
282934198,Post FÃ¤llanden,post_office,8.6414870000,47.3716899000
283102735,,post_office,8.5296367000,47.3936659000
283245535,Helsinki,nightclub,8.5184938000,47.3858875000
283458324,Schweizerhof,hotel,8.5395173000,47.3770160000
283458327,St. Gotthard,hotel,8.5392709000,47.3764240000
283458333,Globus,parking,8.5377516000,47.3760594000
283458360,City Hotel,hotel,8.5365622000,47.3749348000
283687067,Club Q,nightclub,8.5112126000,47.3918983000
283688256,Lotus.Club&Lounge,nightclub,8.5130064000,47.3900505000
286048420,,hospital,8.4308056000,47.3936901000
286328177,8320 Fehraltorf,post_office,8.7522144000,47.3861701000
288884267,Post Unterengstringen,post_office,8.4484986000,47.4133313000
289958392,Parkplatz fÃ¼r LÃ¶wen,parking,8.4963114000,47.5602004000
289958396,,post_office,8.4995087000,47.5599876000
290369644,,parking,8.4592115000,47.4822673000
290369645,,parking,8.4594944000,47.4820375000
291130134,Rest. Traube,parking,8.5001269000,47.5574219000
291130146,Rest. Ochsen,parking,8.5001811000,47.5572511000
291140805,Rest. FÃ¤hre,parking,8.4768724000,47.5756728000
291510005,,parking,8.5813491000,47.4463098000
291687394,,hotel,8.5401863000,47.4509705000
291987618,Chicago-Bar,nightclub,8.5300159000,47.3826610000
292287566,,parking,8.6814463000,47.3883684000
292288194,,parking,8.6752438000,47.3862263000
292288295,,parking,8.6683849000,47.3834760000
292371277,,parking,8.6472896000,47.3930753000
293007206,Parkplatz Mehrzweckhalle,parking,8.5062944000,47.5535117000
293027098,,parking,8.4782044000,47.4998562000
293114360,,parking,8.4959060000,47.5630375000
293605106,,post_office,8.4675084000,47.5279480000
294022326,,parking,8.5179719000,47.4012461000
294906629,Supermarket,nightclub,8.5199443000,47.3855039000
294909729,Indochine,nightclub,8.5246736000,47.3890545000
295160704,Oberrieden,post_office,8.5775468000,47.2768435000
296412647,,post_office,8.6730393000,47.2302409000
296941971,,parking,8.7024092000,47.2131355000
297171179,,parking,8.7392832000,47.5433554000
297173932,,parking,8.5925642000,47.5187432000
297711768,Ascot,hotel,8.5320382000,47.3639171000
297978691,Gasiplatz,parking,8.6731421000,47.2271774000
297978809,,parking,8.6747747000,47.2282826000
297978897,,parking,8.6758476000,47.2282418000
297978977,,parking,8.6756244000,47.2279503000
297979018,,parking,8.6758819000,47.2276414000
297985538,,parking,8.6712680000,47.2270162000
297992391,,parking,8.6585007000,47.2403422000
297996335,,parking,8.6746929000,47.2291229000
298540220,,parking,8.5423567000,47.2860663000
298540348,,parking,8.5331179000,47.2883879000
298540360,,parking,8.5298652000,47.2898098000
298540363,,parking,8.5314953000,47.2891112000
298540365,Post,post_office,8.5427645000,47.2888651000
298750664,,parking,8.5375530000,47.2907493000
298750813,Schwerzi,parking,8.5325693000,47.2882527000
298750947,,parking,8.5393761000,47.2889768000
299107896,,parking,8.6533538000,47.6353273000
299510234,,parking,8.7525683000,47.3868158000
299614705,,post_office,8.4996640000,47.4024533000
299983561,,parking,8.5517639000,47.3729380000
300384722,Mascotte,nightclub,8.5468193000,47.3663509000
300612944,Mehrspur Music Club,nightclub,8.5464159000,47.3688448000
300744285,Kaufleuten,nightclub,8.5364895000,47.3718200000
300928780,,parking,8.7606075000,47.3913815000
301223565,Kanzlei,nightclub,8.5265555000,47.3754960000
301223922,,post_office,8.5272679000,47.3766468000
301552459,Alden,hotel,8.5343582000,47.3645668000
301775342,,parking,8.5481496000,47.4228764000
302352971,,parking,8.8357442000,47.3413489000
302353309,Motel FÃ¤llanden,hotel,8.6451565000,47.3783556000
302383856,Parkhaus Stauffacher,parking,8.5308356000,47.3729710000
303013141,,parking,8.5345275000,47.5211959000
303366446,,parking,8.7880317000,47.3610522000
303366724,Badi PfÃ¤ffikon,parking,8.7874358000,47.3592623000
303969564,,parking,8.5969216000,47.2590047000
304074126,,parking,8.5288395000,47.2921603000
304314305,,parking,8.4374051000,47.4527465000
304321783,,post_office,8.4394102000,47.4563371000
304597370,Coronado,hotel,8.5411369000,47.3973044000
304837789,,parking,8.7731500000,47.3899017000
304917788,Blaue Zone,parking,8.4401438000,47.4586637000
305397375,Heigethuus,parking,8.7553558000,47.3889413000
305473785,,parking,8.9036642000,47.3341275000
305474542,,parking,8.7928168000,47.3436873000
305586627,Besame Mucho,nightclub,8.5188411000,47.3878687000
305587188,Senator,hotel,8.5221651000,47.3893490000
305651390,,parking,8.4943112000,47.4095008000
305705979,Post Basserdorf,post_office,8.6311010000,47.4430346000
306116856,,parking,8.7744091000,47.3960754000
306237956,8332 Russikon,post_office,8.7760609000,47.3948588000
307085147,,parking,8.7727182000,47.3676995000
307365833,,post_office,8.7207015000,47.5092098000
307491723,,parking,8.7958980000,47.3577758000
307497001,,parking,8.8017162000,47.3431572000
307664759,,parking,8.6713995000,47.2291414000
307665050,,parking,8.6709532000,47.2290248000
307666488,,parking,8.6725496000,47.2267284000
307666710,Weinrebe,parking,8.6724209000,47.2315194000
307669240,,parking,8.6761975000,47.2199608000
307760349,,parking,8.8513251000,47.3378844000
308084042,,parking,8.5153211000,47.4699658000
308131133,Du Lac,hotel,8.6752657000,47.2284042000
308131150,Engel,hotel,8.6745619000,47.2300944000
308303956,,parking,8.7706577000,47.3695465000
309099195,,parking,8.7486792000,47.4248300000
309113442,,parking,8.7645301000,47.4175697000
309215532,,parking,8.7857165000,47.3668499000
309400399,,post_office,8.8252855000,47.3632678000
309570342,,parking,8.6680474000,47.2269237000
309916732,Regina,hotel,8.5277016000,47.3770674000
310133213,,post_office,8.5469821000,47.4191274000
310205992,,parking,8.4384912000,47.3962468000
310205994,,parking,8.4391407000,47.3962369000
310377369,,parking,8.4379907000,47.3928511000
310524115,,parking,8.4972769000,47.4033202000
310608543,Parkplatz,parking,8.4395885000,47.4035421000
310614952,,parking,8.4473891000,47.4057641000
310620869,,parking,8.4475921000,47.4089973000
310634121,Friedhof,parking,8.4400216000,47.3933850000
310635516,,parking,8.4441789000,47.3979053000
310818556,Friedhof Zelgli,parking,8.7690766000,47.3942883000
310823820,,parking,8.8239751000,47.3501295000
310858014,,post_office,8.4844167000,47.4809468000
312302725,8311 BrÃ¼tten,post_office,8.6766250000,47.4718353000
312380320,,parking,8.7988073000,47.3239598000
312380321,,parking,8.7987386000,47.3234233000
312380370,,parking,8.7707603000,47.3430941000
312411016,50 Oerlikon,post_office,8.5424203000,47.4096889000
312645197,,parking,8.6713572000,47.2310126000
312645241,,parking,8.6702499000,47.2310650000
312645245,,parking,8.6693401000,47.2306571000
312645246,,parking,8.6701727000,47.2297886000
312645501,,parking,8.6686277000,47.2308086000
313354803,,parking,8.6388976000,47.3449946000
313369360,Continental,hotel,8.5425599000,47.3810399000
313389557,,parking,8.7691969000,47.4363642000
313532370,,parking,8.4663072000,47.4838731000
313705711,,parking,8.4985596000,47.4661877000
313705905,,parking,8.5004393000,47.4648590000
313958840,,parking,8.7801294000,47.3656832000
315113707,,parking,8.5164074000,47.4032885000
315113810,Breitinger,hotel,8.5330275000,47.3625030000
315523953,,parking,8.4921098000,47.4724050000
315524095,,parking,8.4943071000,47.4732926000
315862585,Graeulich,hotel,8.5206047000,47.3783616000
315868112,8344 BÃ¤retswil,post_office,8.8535188000,47.3361867000
316046165,,parking,8.5479200000,47.4526284000
316709324,,parking,8.6332323000,47.3609990000
316825074,,parking,8.5529934000,47.3774046000
316841442,Fondli,parking,8.3876770000,47.4074727000
316935947,8623 Wetzikon ZH 3,post_office,8.8076576000,47.3316495000
316978453,Bleicherweg,parking,8.5356105000,47.3674543000
317002443,Aspholz,parking,8.5005037000,47.4251508000
317003379,MÃ¼hlacker,parking,8.4980166000,47.4256532000
317003833,Blumenfeldstrasse,parking,8.5039541000,47.4241636000
317807294,,parking,8.5219392000,47.3988562000
317817207,,parking,8.9346095000,47.3438337000
317926628,Hardau II,parking,8.5095822000,47.3817056000
318668132,,parking,8.4592544000,47.3730308000
318983179,,parking,8.5788484000,47.3675638000
319543020,,parking,8.6950008000,47.2549009000
320182683,,parking,8.5514988000,47.4807206000
320909357,,post_office,8.5008355000,47.4681848000
321302237,8353 Elgg,post_office,8.8658350000,47.4946705000
321526878,UniversitÃ¤tsSpital ZÃ¼rich,hospital,8.5504071000,47.3773813000
321591600,,parking,8.6211005000,47.4005214000
321820254,Illuster Garni,hotel,8.7154702000,47.3499377000
321854100,,parking,8.7141381000,47.5054568000
322531927,,parking,8.7522906000,47.3738216000
322797560,,parking,8.5233259000,47.3932559000
322880669,,parking,8.5151613000,47.3904708000
322888815,,post_office,8.5140721000,47.4725067000
322912858,,post_office,8.6301543000,47.4238478000
323677736,,parking,8.6242625000,47.4170558000
323769871,Parkhaus-Uster 77,parking,8.7166817000,47.3481568000
323787868,,post_office,8.7285802000,47.3461489000
324343338,,parking,8.4548605000,47.2962117000
324468977,TCS Parkplatz Oberweningen,parking,8.4060697000,47.5076703000
324558615,,parking,8.5203786000,47.3130672000
324641089,,parking,8.7510120000,47.3852224000
324641111,Tennisclub Fehraltorf,parking,8.7491404000,47.3846939000
324715089,,parking,8.7158990000,47.3502358000
325124477,,post_office,8.4049514000,47.2814180000
325147616,,parking,8.4192828000,47.5040609000
325223835,8330 PfÃ¤ffikon ZH,post_office,8.7835133000,47.3673642000
325223843,Bahnhof,hotel,8.7842345000,47.3669214000
325223930,,parking,8.7928766000,47.3204631000
325676295,,post_office,8.4312565000,47.2652561000
325689757,Parkplatz Reservoir,parking,8.4200894000,47.5085366000
325788859,,parking,8.8790806000,47.2817524000
325855560,,post_office,8.5720273000,47.4042251000
327518598,,parking,8.5856672000,47.2528004000
330936802,,parking,8.8015336000,47.3279363000
331230282,,parking,8.7234986000,47.3505416000
331239608,,parking,8.7148433000,47.3502183000
331241551,,parking,8.7144742000,47.3490495000
331241885,,parking,8.7151609000,47.3489739000
331490089,,parking,8.7140531000,47.3501971000
333194983,,parking,8.6682046000,47.3826623000
333239548,,parking,8.6405018000,47.2718792000
334100122,,parking,8.5557247000,47.3066139000
334111488,,parking,8.5543395000,47.3081593000
335473384,,parking,8.6391799000,47.2682984000
335473387,,parking,8.6409202000,47.2701620000
335557463,Mobility Bahnhof SZU,car_sharing,8.5243800000,47.3119400000
335557465,Mobility GrÃ¼ner Stieg,car_sharing,8.5178200000,47.3080600000
335557466,Mobility Bahnhof SBB / Seewadelstrasse,car_sharing,8.4470200000,47.2774700000
335557470,Mobility Zentrum / Areal ZÃ¼richstrasse,car_sharing,8.4510900000,47.2759500000
335557473,Mobility Bezirksspital,car_sharing,8.4564100000,47.2834000000
335557498,Mobility Bahnhof SBB,car_sharing,8.6775400000,47.5939100000
335557506,Mobility Coop / Oberortweg,car_sharing,8.6553400000,47.2423400000
335557522,Mobility Bahnhof SBB,car_sharing,8.8525500000,47.3373700000
335557555,Mobility Im BÃ¤chli,car_sharing,8.6358000000,47.4393100000
335557557,Mobility Bahnhof SBB,car_sharing,8.6266300000,47.4385100000
335557567,Mobility Zentrum / Bibliothek,car_sharing,8.6280500000,47.4431700000
335557569,Mobility Bahnhof SBB,car_sharing,8.8782000000,47.3687000000
335557662,Mobility Zentrum WÃ¼eri / Lettenmattstrasse,car_sharing,8.4358600000,47.3543500000
335557678,Mobility Bahnhof SBB,car_sharing,8.4364900000,47.3577600000
335557682,Mobility Bahnhof SBB,car_sharing,8.8230900000,47.2704600000
335557683,Mobility Neratec AG,car_sharing,8.8258700000,47.2695800000
335557689,Mobility Bahnhof SBB,car_sharing,8.4361900000,47.4534100000
335557692,Mobility Am Isenbach,car_sharing,8.4710437000,47.3160770000
335557693,Mobility Stallikerstrasse,car_sharing,8.4702971000,47.3262354000
335557702,Mobility Wisental / Wisentalstrasse,car_sharing,8.5420600000,47.5118100000
335557703,Mobility Schwerzgruebstrasse,car_sharing,8.5448500000,47.5152200000
335557706,Mobility Hochfelden,car_sharing,8.5180200000,47.5194800000
335557707,Mobility Bahnhof SBB,car_sharing,8.5375100000,47.5236700000
335557708,Mobility Migros Sonnenhof,car_sharing,8.5404600000,47.5212500000
335557709,Mobility Migros Center BÃ¼lach SÃ¼d,car_sharing,8.5396400000,47.5094300000
335557712,Mobility Allmendstrasse,car_sharing,8.5385100000,47.5156300000
335557724,Mobility Bahnhof SBB,car_sharing,8.6139400000,47.6671100000
335557740,Mobility TannÃ¤gertenstrasse,car_sharing,8.8390300000,47.2771000000
335557748,Mobility Neuweg,car_sharing,8.6124700000,47.3961000000
335557751,Mobility Bahnhof SBB,car_sharing,8.6241200000,47.3996300000
335557755,Mobility Bahnhof SBB,car_sharing,8.6187400000,47.4203900000
335557756,Mobility Migros LÃ¶wenzentrum,car_sharing,8.4012500000,47.4047400000
335557757,Mobility Bahnhof SBB,car_sharing,8.4043000000,47.4069000000
335557758,Mobility Bahnhof SBB,car_sharing,8.4590100000,47.4827300000
335557764,Mobility Bahnhof SBB,car_sharing,8.8636600000,47.4981300000
335557765,Mobility Bahnhof FB,car_sharing,8.6899800000,47.3015400000
335557766,Mobility Bahnhof SBB,car_sharing,8.5160800000,47.5724600000
335557767,Mobility Bahnhof SBB,car_sharing,8.6860400000,47.4248900000
335557768,Mobility Stadthaus,car_sharing,8.6859600000,47.4272600000
335557783,Mobility Bahnhof FB,car_sharing,8.6482100000,47.3255100000
335557800,Mobility Bahnhof SBB - Rorbas,car_sharing,8.5858800000,47.5205500000
335557803,Mobility Bahnhof SBB,car_sharing,8.5911600000,47.3062400000
335557806,Mobility Bachweg,car_sharing,8.7103945000,47.2874694000
335557807,Mobility LÃ¶wenstrasse,car_sharing,8.7104460000,47.2874228000
335557810,Mobility Verkehrsgarten,car_sharing,8.6420600000,47.3702100000
335557811,Mobility Bahnhof SBB,car_sharing,8.7507700000,47.3849200000
335557813,Mobility Altes Schulhaus,car_sharing,8.6383600000,47.3706500000
335557872,Mobility Bahnhof SBB,car_sharing,8.4456900000,47.2990600000
335557873,Mobility MÃ¼limatt,car_sharing,8.5314100000,47.2445200000
335557877,Mobility Schaffhauserstrasse,car_sharing,8.7098896000,47.5460727000
335557879,Mobility Siedlung Humrigen,car_sharing,8.6189100000,47.2852000000
335557880,Mobility Bahnhof SBB,car_sharing,8.6123900000,47.2820800000
335557885,Mobility Gemeindehaus,car_sharing,8.7632900000,47.3018300000
335557893,Mobility Lindenhofstrasse,car_sharing,8.7849300000,47.3124500000
335557896,Mobility Station,car_sharing,8.7602500000,47.2823900000
335557911,Mobility Bahnhof SBB,car_sharing,8.7230800000,47.4089700000
335557922,Mobility Katholische Kirche,car_sharing,8.7715400000,47.2529600000
335557923,Mobility Bahnhof SBB / See,car_sharing,8.5943400000,47.2616500000
335557924,Mobility Bahnhof SBB,car_sharing,8.8396100000,47.3001600000
335557925,Mobility Breite,car_sharing,8.8509000000,47.2996900000
335557932,Mobility Oberdorf Bahnhof SBB,car_sharing,8.5896400000,47.2587200000
335557937,Mobility Bahnhof SBB,car_sharing,8.5803800000,47.3194600000
335557977,Mobility Bahnhof SBB,car_sharing,8.4667200000,47.2200700000
335557978,Mobility Migros Markt,car_sharing,8.5817700000,47.4514300000
335557979,Mobility Bahnhof SBB,car_sharing,8.5835200000,47.4479700000
335557987,Mobility Bahnhof SBB,car_sharing,8.5480600000,47.3241300000
335558051,Mobility Post / Breitwiesstrasse,car_sharing,8.5430000000,47.2888200000
335558052,Mobility Bahnhof SZU,car_sharing,8.5437900000,47.2873400000
335558113,Mobility Asylstrasse,car_sharing,8.7002200000,47.2499300000
335558114,Mobility Bahnhof SBB,car_sharing,8.6912900000,47.2537100000
335558116,Mobility Boldernstrasse,car_sharing,8.7000200000,47.2595600000
335558179,Mobility Bahnhof SBB,car_sharing,8.6828557000,47.3714729000
335558183,Mobility Bahnhof SBB,car_sharing,8.4900100000,47.4802500000
335558184,Mobility Bahnhof SBB,car_sharing,8.5031600000,47.4874400000
335558195,Mobility Dorf,car_sharing,8.3811400000,47.5060700000
335558197,Mobility Dorf,car_sharing,8.6685193000,47.3404006000
335558199,Mobility Bahnhof Nord / Stelzenstrasse,car_sharing,8.6460200000,47.2695800000
335558200,Mobility Schwerzi,car_sharing,8.6898400000,47.2577700000
335558202,Mobility P+R Bahnhof SBB,car_sharing,8.6531700000,47.6355700000
335558203,Mobility Post,car_sharing,8.6513600000,47.6285600000
335558204,Mobility Bahnhof SBB,car_sharing,8.4573000000,47.2442500000
335558205,Mobility Volg,car_sharing,8.4634800000,47.2438800000
335558209,Mobility Bahnhof SBB,car_sharing,8.6444400000,47.2695200000
335558218,Mobility Lindhofstrasse,car_sharing,8.7239200000,47.3122500000
335558257,Mobility ChrischonawÃ¤g,car_sharing,8.5367800000,47.6112400000
335558264,Mobility Bahnhof SBB,car_sharing,8.4711900000,47.4368300000
335558266,Mobility Untere MÃ¼hlestrasse,car_sharing,8.4640400000,47.4301500000
335558291,Mobility Bahnhof SBB,car_sharing,8.7078737000,47.2076956000
335558293,Mobility Bahnhof SBB,car_sharing,8.7967000000,47.4449200000
335558294,Mobility Jonenbachstrasse,car_sharing,8.4947000000,47.2442000000
335558301,Mobility Bahnhof SBB,car_sharing,8.5100900000,47.4710400000
335558303,Mobility Bahnhof Dorf,car_sharing,8.5777000000,47.2766700000
335558304,Mobility Bahnhof See SBB,car_sharing,8.5788800000,47.2799000000
335558309,Mobility Dorfstrasse,car_sharing,8.4229600000,47.2624300000
335558331,Mobility Bahnhof SBB / Giebeleichstrasse,car_sharing,8.5615600000,47.4294500000
335558333,Mobility Bahnhof SBB,car_sharing,8.5617800000,47.4310800000
335558341,Mobility Zentrum / Post,car_sharing,8.4051000000,47.2815200000
335558346,Mobility ZÃ¼richstrasse,car_sharing,8.6200000000,47.3642500000
335558350,Mobility Bahnhof SBB,car_sharing,8.7859000000,47.3661200000
335558363,Mobility Birchstrasse/Stadlerstrasse,car_sharing,8.7363600000,47.5361800000
335558398,Mobility Bahnhof SBB,car_sharing,8.6614000000,47.3839700000
335558471,Mobility Weinberg,car_sharing,8.8568300000,47.2609900000
335558480,Mobility Bahnhof SBB,car_sharing,8.5551500000,47.3072000000
335558482,Mobility Obermatten,car_sharing,8.5307700000,47.4475100000
335558484,Mobility Gemeindehaus,car_sharing,8.8511782000,47.2563988000
335558493,Mobility Bahnhof SBB,car_sharing,8.5323800000,47.4542600000
335558508,Mobility Spital Limmattal,car_sharing,8.4287600000,47.3932000000
335558511,Mobility Zentrum / Brunngasse,car_sharing,8.4476000000,47.3966300000
335558525,Mobility Bahnhof SBB,car_sharing,8.4464200000,47.3990500000
335558614,Mobility Bahnhof SBB,car_sharing,8.5633700000,47.2971700000
335558617,Mobility Neutannstein,car_sharing,8.5643500000,47.2891700000
335558712,Mobility Allenbergstrasse,car_sharing,8.7208600000,47.2495500000
335558713,Mobility Bahnhof SBB,car_sharing,8.7230400000,47.2402100000
335558718,Mobility Chapfwiesenstrasse,car_sharing,8.7286600000,47.2407000000
335558739,Mobility Bahnhof SBB,car_sharing,8.5916800000,47.4129400000
335558741,Mobility Alte Winterthurerstrasse,car_sharing,8.5835700000,47.4149400000
335558755,Mobility Schneggenstrasse,car_sharing,8.7989579000,47.3222044000
335558757,Mobility Kempten Post,car_sharing,8.8084000000,47.3312900000
335558758,Mobility Bahnhof SBB,car_sharing,8.7753900000,47.5252500000
335558760,Mobility Dorf,car_sharing,8.4741500000,47.3374100000
335558763,Mobility Kantonsschule,car_sharing,8.7960979000,47.3182744000
335558766,Mobility Bahnhof SBB,car_sharing,8.7928479000,47.3176844000
335558769,Mobility Migros Parc,car_sharing,8.6764400000,47.3801200000
335558790,Mobility Chilegass,car_sharing,8.6914100000,47.3887900000
335558794,Mobility GrÃ¼ental / ZHAW,car_sharing,8.6798969000,47.2181538000
335558798,Mobility SchÃ¶nenbergstrasse,car_sharing,8.6702000000,47.2269900000
335558799,Mobility Bahnhof SBB,car_sharing,8.9127200000,47.2722400000
335558800,Mobility Gemeindehaus,car_sharing,8.9144800000,47.2753300000
335558801,Mobility Bahnhof SBB,car_sharing,8.6757800000,47.2281000000
335558802,Mobility Florhof,car_sharing,8.6718000000,47.2309300000
335558803,Mobility Frohmattstrasse,car_sharing,8.6627300000,47.2305900000
335558804,Mobility GlÃ¤rnischstrasse,car_sharing,8.6657500000,47.2320600000
335558806,Mobility Sonnenberg,car_sharing,8.7042277000,47.3501705000
335558810,Mobility Siedlung Focus,car_sharing,8.7281779000,47.3494744000
335558811,Mobility Siedlung Arche Nova,car_sharing,8.7248179000,47.3450344000
335558812,Mobility Quellenstrasse,car_sharing,8.7145199000,47.3486900000
335558813,Mobility Niederuster / UnterbÃ¼hlenstrasse,car_sharing,8.7071479000,47.3437744000
335558814,Mobility Im Lot,car_sharing,8.7103142000,47.3479515000
335558815,Mobility Herracher,car_sharing,8.7342079000,47.3403244000
335558816,Mobility Bahnstrasse,car_sharing,8.7204679000,47.3497310000
335558829,Mobility Bahnhof SBB,car_sharing,8.6783437000,47.2594315000
335558831,Mobility Bahnhof SBB,car_sharing,8.7529400000,47.2357400000
335558832,Mobility Bahnhof SBB,car_sharing,8.8442100000,47.4369500000
335558837,Mobility Bahnhof SBB,car_sharing,8.7156958000,47.3518942000
335558838,Mobility Feldstrasse,car_sharing,8.4230000000,47.3862800000
335558839,Mobility Weihermatt,car_sharing,8.4311100000,47.3792900000
335558840,Mobility Dreispitz / ZÃ¼rcherstrasse,car_sharing,8.4493700000,47.4136200000
335558850,Mobility Coop,car_sharing,8.6020800000,47.3461100000
335558853,Mobility Bahnhof SBB,car_sharing,8.5696800000,47.3374800000
335558856,Mobility Zollikerstrasse,car_sharing,8.5720300000,47.3411300000
335558861,Mobility Veltheim Speerweg,car_sharing,8.7201895000,47.5130979000
335558862,Mobility Wartstrasse / Bleichestrasse,car_sharing,8.7166215000,47.5025092000
335558863,Mobility WÃ¼lflingen / Euelstrasse,car_sharing,8.6811800000,47.5114100000
335558864,Mobility WÃ¼lflingen / Riedhofstrasse,car_sharing,8.6939000000,47.5121700000
335558865,Mobility WÃ¼lflingen /Traubenweg,car_sharing,8.7005900000,47.5129300000
335558866,Mobility Zeughausstrasse,car_sharing,8.7317800000,47.4961700000
335558878,Mobility Lindstrasse /Theaterstrasse,car_sharing,8.7284800000,47.5046000000
335558879,Mobility Katharina Sulzerplatz / Parkhaus Sulzer,car_sharing,8.7181400000,47.4958400000
335558880,Mobility Inneres Lind,car_sharing,8.7375500000,47.5028000000
335558881,Mobility Hegi,car_sharing,8.7761000000,47.5058300000
335558882,Mobility Oberwinterthur Pfaffenwiesen/Technorama,car_sharing,8.7620100000,47.5143700000
335558883,Mobility Oberwinterthur Bahnhof SBB,car_sharing,8.7607400000,47.5084900000
335558884,Mobility Oberseen,car_sharing,8.7729400000,47.4789200000
335558885,Mobility Mattenbach / Langgasse,car_sharing,8.7308600000,47.4938300000
335558886,Mobility Technikum,car_sharing,8.7282700000,47.4966100000
335558887,Mobility Seen Bahnhof SBB,car_sharing,8.7664500000,47.4877000000
335558888,Mobility Ruhtalstrasse,car_sharing,8.7223100000,47.5053800000
335558889,Mobility Oberwinterthur Talacker,car_sharing,8.7539100000,47.5029400000
335558890,Mobility Veltheim SchÃ¼tzenstrasse,car_sharing,8.7206700000,47.5085000000
335558891,Mobility Veltheim / Walkeweiher,car_sharing,8.7248100000,47.5109900000
335558892,Mobility TÃ¶ssfeld / JÃ¤gerstrasse,car_sharing,8.7156500000,47.4943200000
335558893,Mobility TÃ¶ss Bahnhof SBB,car_sharing,8.7103100000,47.4898600000
335558899,Mobility Breiteplatz / Bruderhausstrasse,car_sharing,8.7246600000,47.4900300000
335558902,Mobility BÃ¼rglistrasse,car_sharing,8.7105900000,47.5071000000
335558903,Mobility Depot WV / Deutweg,car_sharing,8.7423100000,47.4931200000
335558904,Mobility BrÃ¼hlberg,car_sharing,8.7129300000,47.4996200000
335558905,Mobility BrÃ¼hlgut Stiftung,car_sharing,8.7123300000,47.4966400000
335558907,Mobility Hauptbahnhof SBB / Bahnhofparking,car_sharing,8.7236900000,47.5005300000
335558908,Mobility Hauptbahnhof SBB / Untere Vogelsangstra,car_sharing,8.7232900000,47.4985800000
335558909,Mobility Eisweiherquartier / Zelgli,car_sharing,8.7368800000,47.4898700000
335558910,Mobility Geiselweid,car_sharing,8.7441100000,47.4962100000
335558911,Mobility KornhausbrÃ¼cke / Parkhaus Stampfenbach,car_sharing,8.5389500000,47.3869000000
335558912,Mobility KornhausbrÃ¼cke / Schindlerstrasse,car_sharing,8.5368000000,47.3885100000
335558915,Mobility Kraft - Werk 1,car_sharing,8.5079100000,47.3936000000
335558919,Mobility Kreuzplatz / Kirche St. Anton,car_sharing,8.5566900000,47.3655700000
335558922,Mobility Irchel VBZ,car_sharing,8.5439700000,47.3955600000
335558923,Mobility Josefstrasse / Kantag,car_sharing,8.5312700000,47.3829700000
335558924,Mobility Klingenstrasse / Josefstrasse,car_sharing,8.5336700000,47.3815500000
335558925,Mobility KornhausbrÃ¼cke / Markusstrasse,car_sharing,8.5373200000,47.3880800000
335558926,Mobility HÃ¶schgasse,car_sharing,8.5562400000,47.3581200000
335558927,Mobility Hottingerplatz,car_sharing,8.5579900000,47.3694800000
335558928,Mobility Idastrasse,car_sharing,8.5152900000,47.3728400000
335558929,Mobility Im Gut / Gutstrasse,car_sharing,8.5029400000,47.3733400000
335558930,Mobility Holbeinstrasse / Klarastrasse,car_sharing,8.5507400000,47.3640500000
335558931,Mobility HÃ¶ngg / Appenzellerstrasse,car_sharing,8.5094800000,47.3993000000
335558932,Mobility HÃ¶ngg / Gsteigstrasse,car_sharing,8.4997498000,47.4026510000
335558936,Mobility HÃ¶ngg / Wartau VBZ,car_sharing,8.4930500000,47.4023500000
335558940,Mobility Hirschgarten,car_sharing,8.5461100000,47.4018000000
335558942,Mobility Hirschen / Schwamendingen,car_sharing,8.5706800000,47.4038600000
335558944,Mobility Hirslanden / Kapfstrasse,car_sharing,8.5714300000,47.3604800000
335558946,Mobility Hirslanden / Hedwigsteig,car_sharing,8.5674600000,47.3594100000
335558948,Mobility Hauptbahnhof / Lagerstrasse / SBB Areal,car_sharing,8.5320500000,47.3784000000
335558950,Mobility Hardplatz,car_sharing,8.5141300000,47.3823900000
335558952,Mobility Hegibachplatz / Haltestelle Signaustras,car_sharing,8.5581400000,47.3637200000
335558953,Mobility Hauptbahnhof / Zollstrasse,car_sharing,8.5324200000,47.3808600000
335558954,Mobility Greifenseestrasse / Radrennbahn,car_sharing,8.5537900000,47.4089700000
335558955,Mobility Frohburg,car_sharing,8.5585600000,47.4032600000
335558956,Mobility HardbrÃ¼cke SBB,car_sharing,8.5183800000,47.3852300000
335558957,Mobility Haldenbach,car_sharing,8.5470200000,47.3813100000
335558958,Mobility Friedhof Sihlfeld,car_sharing,8.5117500000,47.3751700000
335558959,Mobility Freiestrasse,car_sharing,8.5637500000,47.3625200000
335558960,Mobility Friesenberg / Tiergarten,car_sharing,8.5105000000,47.3647900000
335558961,Mobility Friesenberg / Hegianwandweg,car_sharing,8.5129400000,47.3573100000
335558962,Mobility FÃ¶rrlibuckstrasse,car_sharing,8.5165500000,47.3918400000
335558963,Mobility Frankental / Pflegezentrum Bombach,car_sharing,8.4835600000,47.4043000000
335558964,Mobility Florastrasse,car_sharing,8.5518900000,47.3614300000
335558965,Mobility Flughafen Bahnhof SBB,car_sharing,8.5623500000,47.4505000000
335558966,Mobility Feldeggstrasse / Dufourstrasse,car_sharing,8.5508100000,47.3604700000
335558967,Mobility Ferdinand-Hodler-Strasse,car_sharing,8.4983900000,47.4045700000
335558968,Mobility EPI - Klinik,car_sharing,8.5699200000,47.3489500000
335558969,Mobility Family Hauptbahnhof / Zollstrasse,car_sharing,8.5325200000,47.3807700000
335558973,Mobility Buchegg / Wehntalerstrasse,car_sharing,8.5386300000,47.3993700000
335558974,Mobility Bucheggplatz / Wachterweg,car_sharing,8.5341400000,47.3958000000
335558975,Mobility Binz / Binzallee,car_sharing,8.5163100000,47.3637400000
335558976,Mobility Bleicherweg / Hochhaus zur Palme,car_sharing,8.5345900000,47.3663700000
335558977,Mobility Berninaplatz,car_sharing,8.5485700000,47.4034900000
335558978,Mobility Berninaplatz / Friedheimstrasse,car_sharing,8.5502800000,47.4047900000
335558979,Mobility Am Wasser,car_sharing,8.5060900000,47.3957500000
335558980,Mobility Balgrist,car_sharing,8.5725700000,47.3550500000
335558981,Mobility Altstetten VBZ P+R,car_sharing,8.4919300000,47.3860800000
335558982,Mobility Altstetten Post / Lindenplatz,car_sharing,8.4857500000,47.3858000000
335558983,Mobility Altstetten Bahnhof SBB,car_sharing,8.4901200000,47.3917700000
335558984,Mobility Altstetten / Zwischenbachen,car_sharing,8.4804300000,47.3837000000
335558985,Mobility Altstetten / TÃ¼ffenwies,car_sharing,8.4896300000,47.3975600000
335558986,Mobility Altstetten / Schulhaus Untermoos,car_sharing,8.4837600000,47.3811800000
335558987,Mobility Altstetten / Rautistrasse,car_sharing,8.4726700000,47.3867500000
335558988,Mobility Altstetten / FlÃ¼elastrasse / Ãœberbauu,car_sharing,8.4955700000,47.3822700000
335558989,Mobility Altstetten / Bachmattweg,car_sharing,8.4855200000,47.3913700000
335558990,Mobility Altenhofstrasse,car_sharing,8.5606000000,47.3548300000
335558991,Mobility Albisriederplatz / Brahmshof,car_sharing,8.5075869000,47.3789749000
335558992,Mobility Albisrieden VBZ,car_sharing,8.4845000000,47.3740200000
335558993,Mobility Albisrieden / Pflegezentrum Bachwiesen,car_sharing,8.4872500000,47.3783200000
335558994,Mobility Unterdorf,car_sharing,8.6241600000,47.3304700000
335558997,Mobility Stolzestrasse,car_sharing,8.5456100000,47.3879700000
335558998,Mobility Technopark,car_sharing,8.5154200000,47.3897300000
335558999,Mobility Tobeleggweg,car_sharing,8.5013900000,47.3979700000
335559000,Mobility Triemli,car_sharing,8.4964400000,47.3684100000
335559001,Mobility UNI / ETH,car_sharing,8.5487500000,47.3745700000
335559002,Mobility UniversitÃ¤t Irchel,car_sharing,8.5460000000,47.3977900000
335559003,Mobility Unter-Affoltern / Wolfswinkel,car_sharing,8.5130100000,47.4243800000
335559006,Mobility Unterstrass / Kurvenstrasse,car_sharing,8.5420400000,47.3848100000
335559011,Mobility Spyriplatz,car_sharing,8.5539000000,47.3819400000
335559015,Mobility Stadelhofen / MÃ¼hlebachstrasse,car_sharing,8.5498500000,47.3655300000
335559019,Mobility Stadelhofen / Promenadengasse,car_sharing,8.5490600000,47.3689600000
335559020,Mobility Stadelhofen Bahnhof SBB,car_sharing,8.5482100000,47.3668300000
335559021,Mobility Stampfenbachplatz / NeumÃ¼hlequai,car_sharing,8.5422500000,47.3795300000
335559022,Mobility Stampfenbachplatz / Walchestrasse,car_sharing,8.5423500000,47.3806800000
335559023,Mobility Stettbach / Pflegezentrum Mattenhof,car_sharing,8.5939600000,47.4002100000
335559024,Mobility Stettbach SBB,car_sharing,8.5978600000,47.3958300000
335559025,Mobility Seebach VBZ Haltestelle,car_sharing,8.5488400000,47.4222400000
335559026,Mobility Seebach SBB,car_sharing,8.5456300000,47.4188400000
335559027,Mobility Sihlcity,car_sharing,8.5232500000,47.3565600000
335559028,Mobility Selnau,car_sharing,8.5321700000,47.3697800000
335559029,Mobility Sonnegg / Sumatrastrasse,car_sharing,8.5428500000,47.3818600000
335559030,Mobility Sihlporte / Hallenbad City,car_sharing,8.5329500000,47.3723200000
335559032,Mobility Spitex / Schwamendingen,car_sharing,8.5692100000,47.4045600000
335559033,Mobility Spitex / Altstetten,car_sharing,8.4850600000,47.3848400000
335559034,Mobility Schaffhauserplatz / Kantonale Verwaltun,car_sharing,8.5394000000,47.3931900000
335559035,Mobility Saatlen / Saatlenzelg,car_sharing,8.5615000000,47.4128000000
335559036,Mobility Schmiede Wiedikon,car_sharing,8.5195100000,47.3684300000
335559037,Mobility Schaffhauserstrasse / Ecke Schindlerste,car_sharing,8.5392100000,47.3895100000
335559038,Mobility Schweighof / Schweigmatte,car_sharing,8.5018000000,47.3664300000
335559039,Mobility Schulhaus Altweg / Alfred-Strebel,car_sharing,8.4947300000,47.3713500000
335559040,Mobility Seebach / Schwandenackerstrasse,car_sharing,8.5351400000,47.4235700000
335559041,Mobility Seebach / Friesstrasse,car_sharing,8.5457700000,47.4160300000
335559042,Mobility Riedbach / Holcim,car_sharing,8.5596000000,47.4147100000
335559043,Mobility Rigiplatz / Huttenstrasse,car_sharing,8.5489000000,47.3830600000
335559044,Mobility RÃ¤mistrasse / PÃ¤dagogische Hochschule,car_sharing,8.5501500000,47.3716600000
335559045,Mobility Rehalp,car_sharing,8.5830600000,47.3512600000
335559046,Mobility RÃ¼tihof / HÃ¶ngg,car_sharing,8.4827300000,47.4131100000
335559047,Mobility Saalsporthalle,car_sharing,8.5200800000,47.3575500000
335559048,Mobility RÃ¶ntgenplatz,car_sharing,8.5262800000,47.3867900000
335559049,Mobility Rotbuchstrasse,car_sharing,8.5352900000,47.3915000000
335559050,Mobility Oberstrass / Pflegezentrum Irchelpark,car_sharing,8.5479100000,47.3933600000
335559051,Mobility Oerlikon / Parkside / Center Eleven,car_sharing,8.5404600000,47.4129100000
335559052,Mobility Neugasse / Depot SBB,car_sharing,8.5240500000,47.3848700000
335559053,Mobility Nordstrasse / Letten,car_sharing,8.5331100000,47.3913800000
335559054,Mobility Oerlikon Bahnhof SBB,car_sharing,8.5424400000,47.4109100000
335559055,Mobility Probstei,car_sharing,8.5859700000,47.4001400000
335559056,Mobility Oerlikon / Thurgauerstrasse,car_sharing,8.5525500000,47.4157400000
335559057,Mobility Oerlikon Bahnhof Nord / Alte Post,car_sharing,8.5459200000,47.4130700000
335559058,Mobility Milchbuck / Buchmattweg,car_sharing,8.5399000000,47.3961000000
335559059,Mobility Migros Markt Witikon,car_sharing,8.5856100000,47.3593200000
335559060,Mobility Migros Altstetten Neumarkt,car_sharing,8.4871000000,47.3884000000
335559062,Mobility Manesseplatz / Dubsstrasse,car_sharing,8.5216700000,47.3672200000
335559064,Mobility Neu-Affoltern,car_sharing,8.5193000000,47.4144400000
335559066,Mobility Mutschellenstrasse,car_sharing,8.5276900000,47.3511500000
335559067,Mobility Mittelleimbach Zentrum,car_sharing,8.5142000000,47.3258300000
335559069,Mobility Milchbuck / Schaffhauserstrasse,car_sharing,8.5416200000,47.3988000000
335559071,Mobility Leimbach Post,car_sharing,8.5158100000,47.3304900000
335559073,Mobility Lehenstrasse,car_sharing,8.5257400000,47.3962000000
335559075,Mobility Langmauerstrasse,car_sharing,8.5441900000,47.3936400000
335559077,Mobility KV Heinrichstrasse,car_sharing,8.5229700000,47.3890100000
335559078,Mobility Limmatplatz / Sihlquai,car_sharing,8.5332000000,47.3851700000
335559080,Mobility Limmatplatz / Gasometerstrasse,car_sharing,8.5289000000,47.3842400000
335559082,Mobility Letzigraben,car_sharing,8.4973900000,47.3765700000
335559083,Mobility Letten / Wasserwerkstrasse,car_sharing,8.5338600000,47.3873900000
335559084,Mobility Wipkingen / Imfeldstrasse,car_sharing,8.5313100000,47.3898300000
335559085,Mobility Wipkingen / Limmattalstrasse,car_sharing,8.5140100000,47.3960900000
335559086,Mobility Wipkingen / Trottenstrasse,car_sharing,8.5175725000,47.3961776000
335559087,Mobility Wipkingen / Wasserwerkstrasse,car_sharing,8.5301400000,47.3891200000
335559088,Mobility Wipkingen SBB,car_sharing,8.5295316000,47.3930397000
335559089,Mobility Wipkingerplatz,car_sharing,8.5238400000,47.3934100000
335559090,Mobility Witikon / in der Sommerau,car_sharing,8.5783000000,47.3616900000
335559091,Mobility Witikon / Stodolastrasse,car_sharing,8.5906000000,47.3572000000
335559092,Mobility Waffenplatz,car_sharing,8.5272500000,47.3597200000
335559093,Mobility WasserschÃ¶pfi,car_sharing,8.5057500000,47.3688900000
335559094,Mobility Weststrasse,car_sharing,8.5225600000,47.3701200000
335559095,Mobility Wiedikon / Zentralstrasse,car_sharing,8.5184600000,47.3723200000
335559096,Mobility Wiedikon PTT / Jugendfoyer,car_sharing,8.5236700000,47.3721300000
335559097,Mobility Wiedikon SBB / Freyastrasse,car_sharing,8.5242400000,47.3721900000
335559098,Mobility Winterthurerstrasse / Luchswiesenstrass,car_sharing,8.5854300000,47.4064300000
335559099,Mobility Wipkingen / Guthirtstrasse,car_sharing,8.5282700000,47.3948500000
335559101,Mobility Wollishofen / Dangelstrasse,car_sharing,8.5283400000,47.3322200000
335559102,Mobility Witikon Pflegezentrum,car_sharing,8.6018600000,47.3550100000
335559103,Mobility Wollishofen / Verenastrasse,car_sharing,8.5257800000,47.3404300000
335559104,Mobility Wollishofen / Pflegezentrum Entlisberg,car_sharing,8.5266700000,47.3346100000
335559105,Mobility ZÃ¼richberg / Hinterbergstrasse,car_sharing,8.5553200000,47.3797200000
335559106,Mobility Zanggerweg,car_sharing,8.5441800000,47.3924500000
335559107,Mobility Zwinglihaus / Aemtlerstrasse,car_sharing,8.5149500000,47.3722700000
335559108,Mobility ZÃ¼richberg / KrÃ¤hbÃ¼hlstrasse,car_sharing,8.5652400000,47.3784600000
335568946,Mobility Kempttalstrasse,car_sharing,8.7767446000,47.3707909000
335568948,Mobility Burghalden Bahnhof SOB,car_sharing,8.6925600000,47.2087500000
335568962,Mobility Affoltern / In BÃ¶den,car_sharing,8.5088544000,47.4189893000
335568966,Mobility Affolternstrasse,car_sharing,8.5333047000,47.4111028000
335568968,Mobility Affoltern / Klee,car_sharing,8.5017100000,47.4247900000
335568970,Mobility Ankerstrasse / BGZ,car_sharing,8.5255003000,47.3749572000
335568972,Mobility Albisriederplatz / Tiefgarage,car_sharing,8.5114300000,47.3781300000
335568974,Mobility Enge Schweizer RÃ¼ckversicherung,car_sharing,8.5336200000,47.3599000000
335568976,Mobility ETH HÃ¶nggerberg / Einsteinstrasse,car_sharing,8.5049523000,47.4089350000
335568978,Mobility Aussersihl / Feldstrasse,car_sharing,8.5241841000,47.3801231000
335568979,Mobility Bahnhof SBB Enge,car_sharing,8.5304700000,47.3639600000
335568980,Mobility Helvetiaplatz,car_sharing,8.5267300000,47.3765000000
335568981,Mobility Helvetiaplatz / Langstrasse,car_sharing,8.5249713000,47.3758919000
335568982,Mobility GiesshÃ¼bel Bahnhof SZU,car_sharing,8.5221500000,47.3621100000
335568983,Mobility Hauptbahnhof / Tellstrasse / Lagerstras,car_sharing,8.5298800000,47.3790700000
335568984,Mobility Idaplatz,car_sharing,8.5144200000,47.3740200000
335568985,Mobility Lochergut / Meinrad Lienertstrasse,car_sharing,8.5174600000,47.3750400000
335568986,Mobility Hofwiesenstrasse / Bad Allenmoos,car_sharing,8.5378900000,47.4066600000
335568987,Mobility Hohlstrasse / Pflanzschulstrasse,car_sharing,8.5221070000,47.3796814000
335568988,Mobility NeubÃ¼hl,car_sharing,8.5350516000,47.3333696000
335568989,Mobility Oberaffoltern / Lerchenrain,car_sharing,8.5078500000,47.4142800000
335568990,Mobility Manesseplatz / Wuhrstrasse,car_sharing,8.5218200000,47.3670900000
335568991,Mobility Museum Rietberg / Lavaterstrasse,car_sharing,8.5324700000,47.3613600000
335568992,Mobility Tiefenbrunnen SBB,car_sharing,8.5616268000,47.3494773000
335568993,Mobility Sihlfeld / Hildastrasse,car_sharing,8.5154900000,47.3764500000
335568994,Mobility Seefeld / Nebelbachstrasse,car_sharing,8.5582600000,47.3526900000
335568995,Mobility Oerlikon / Neunbrunnenstrasse,car_sharing,8.5307638000,47.4156862000
335568996,Mobility Wollishofen / Tannenrauchstrasse,car_sharing,8.5282400000,47.3447200000
335568998,Mobility Wengihof / Badenerstrasse,car_sharing,8.5231421000,47.3746905000
335568999,Mobility Unterstrass / Birchplatz,car_sharing,8.5363700000,47.4078500000
335569000,Mobility Zypressen,car_sharing,8.5140600000,47.3785200000
335569001,Mobility Zentralstrasse / Martastrasse,car_sharing,8.5151076000,47.3758596000
335569002,Mobility Wollishofen SBB,car_sharing,8.5334023000,47.3488086000
335657576,,parking,8.5492522000,47.4222797000
336307320,,post_office,8.6697953000,47.3401859000
338156402,,post_office,8.8207704000,47.2699710000
338442802,,parking,8.7121196000,47.5039674000
338638410,,parking,8.4724802000,47.4700358000
338639750,Bazillus,nightclub,8.5373445000,47.3813755000
338648562,,parking,8.4717350000,47.4655192000
338766891,,post_office,8.6542439000,47.3255014000
339572978,,parking,8.8217070000,47.2718466000
339631486,,parking,8.4478322000,47.2976875000
339636823,8908 Hedingen,post_office,8.4491617000,47.2962682000
340271344,,parking,8.4634723000,47.2434654000
340271345,,parking,8.4575893000,47.2445385000
340605004,,parking,8.6693796000,47.3402840000
341570779,,parking,8.8367206000,47.2732519000
341707744,,parking,8.5352259000,47.5157431000
341942816,,parking,8.4141407000,47.4989502000
341962581,,parking,8.4423384000,47.4347020000
343002445,,parking,8.5203144000,47.4758774000
344195057,Heuberg Ost,parking,8.6685213000,47.3170612000
344195058,Heuberg West,parking,8.6669093000,47.3177848000
345672032,,parking,8.7172872000,47.3600568000
345750186,Migros,parking,8.8494528000,47.2575256000
345750217,Coop,parking,8.8504138000,47.2568249000
345813825,,parking,8.6129310000,47.3806333000
346275688,,parking,8.6379549000,47.4085716000
346277551,,parking,8.6397401000,47.4078397000
346294168,Post Mettmenstetten,post_office,8.4610001000,47.2433662000
348094169,,parking,8.4819969000,47.4434368000
348271890,,parking,8.7150648000,47.3445956000
348271891,,parking,8.7155410000,47.3443511000
348273102,Mobility Kirchenrainstrasse,car_sharing,8.8506894000,47.2620962000
348273167,,nightclub,8.8537365000,47.2611347000
348436754,Regensdorf 2 Adlikon,post_office,8.4618235000,47.4524793000
353054837,,post_office,8.5739732000,47.4281421000
353087017,Glattbrugg,post_office,8.5614697000,47.4309372000
354594639,,parking,8.5760893000,47.3406186000
354603012,,parking,8.5846770000,47.3098346000
355168990,AXA Winterthur,parking,8.7336628000,47.5014713000
355292453,,parking,8.5232510000,47.3555547000
355705166,,parking,8.4800110000,47.3292916000
355971699,,parking,8.4616088000,47.2436762000
355971703,,parking,8.4642431000,47.2424577000
356308261,,parking,8.5407657000,47.3783651000
356309162,,parking,8.5762862000,47.3381712000
357186770,,parking,8.5352305000,47.3630650000
357186772,,parking,8.5348557000,47.3625085000
357278896,Niederglatt,post_office,8.5037748000,47.4920540000
357284603,,parking,8.5037253000,47.4914863000
357381435,Postamt Altstetten,post_office,8.4862645000,47.3867715000
357895499,Kreisspital MÃ¤nnedorf,hospital,8.6967174000,47.2510275000
357895783,8708 MÃ¤nnedorf,post_office,8.6930610000,47.2527054000
358196505,,parking,8.3932473000,47.4208960000
358421564,Frohsinn,hotel,8.6298326000,47.6838917000
358473128,,parking,8.6942110000,47.5107922000
358512707,,parking,8.6889478000,47.5130556000
359670469,,parking,8.4790463000,47.3108676000
359699938,,parking,8.7317704000,47.5035733000
359896720,,parking,8.4692453000,47.3242989000
360156498,Mobility Wollishofen / Albisstrasse,car_sharing,8.5312454000,47.3438362000
360780903,,parking,8.5348662000,47.3212994000
360780905,,parking,8.5354546000,47.3214203000
360780907,,parking,8.5342016000,47.3207004000
360780967,,parking,8.5058774000,47.4082659000
360896204,,parking,8.4684529000,47.3156848000
360918883,,parking,8.4725033000,47.3249601000
361069144,,parking,8.4679974000,47.3153556000
361158821,Post Bonstetten,post_office,8.4685826000,47.3155127000
361161581,,parking,8.4672694000,47.3156233000
361163732,,parking,8.4681522000,47.3252134000
364091548,,parking,8.4685017000,47.3173036000
364378030,,parking,8.7712561000,47.5038291000
364493351,Thalwil,post_office,8.5627222000,47.2963430000
364514466,,parking,8.6218487000,47.4506874000
364624968,,parking,8.7191338000,47.3860200000
364810243,,parking,8.5247944000,47.3351295000
365839076,Rex,hotel,8.5429860000,47.3847852000
365839864,Krone Unterstrass,hotel,8.5390807000,47.3881731000
365892147,Werk 21,nightclub,8.5394061000,47.3832248000
366488526,Restaurant Sternen,parking,8.7186263000,47.3855193000
366583735,Park Hotel,hotel,8.7329678000,47.5010249000
366611614,,parking,8.6693036000,47.4522833000
366611634,,parking,8.7386298000,47.4411172000
366889107,Night Bird,nightclub,8.7160557000,47.3489954000
366904133,,parking,8.7005088000,47.3871939000
366911116,,parking,8.7115896000,47.3315072000
366913038,,parking,8.7043265000,47.3389073000
366914829,,parking,8.5939035000,47.3278756000
366931765,,parking,8.6434140000,47.4167307000
366934254,Restaurant Falken,parking,8.7114696000,47.3461598000
367310494,,post_office,8.6335915000,47.3607822000
369683624,,parking,8.7546672000,47.3865297000
370015786,Frohwies,parking,8.7810704000,47.3688646000
370015789,,parking,8.7814768000,47.3690054000
370107350,Courtyard Marriott,hotel,8.5413814000,47.4142740000
370466031,,parking,8.5010189000,47.2618001000
370466059,,parking,8.5030190000,47.2761519000
370466062,,parking,8.4977665000,47.2763432000
370467884,,parking,8.6540709000,47.2881492000
370531363,Widder,hotel,8.5400266000,47.3722524000
370564303,,parking,8.5132904000,47.2677156000
370603564,,parking,8.5116825000,47.2675007000
370787092,,parking,8.5131017000,47.2662860000
370837336,Hotel Alexander,hotel,8.5437029000,47.3745626000
370838635,Hotel SchÃ¤fli,hotel,8.5435484000,47.3737779000
370839580,Hotel Hirschen,hotel,8.5436085000,47.3735222000
370840032,Wellenberg,hotel,8.5436257000,47.3733594000
370840847,franziskaner,hotel,8.5436085000,47.3726619000
370841890,ZicZac,nightclub,8.5436943000,47.3719237000
371120615,,parking,8.4595166000,47.4383126000
371625003,,parking,8.4403594000,47.4492480000
371900192,,post_office,8.8414643000,47.3003977000
372385148,,parking,8.7181502000,47.5936455000
372733728,Kilchberg,post_office,8.5485448000,47.3236807000
373104565,,parking,8.5586843000,47.5090613000
373105275,,parking,8.5673617000,47.5197738000
373425608,,parking,8.6949167000,47.4365850000
374029231,,parking,8.5010218000,47.4944336000
374029239,,parking,8.5006641000,47.4949580000
376716950,,parking,8.7328046000,47.4105346000
377012140,,parking,8.4356915000,47.4046423000
377012167,,parking,8.4327217000,47.4022537000
380467345,,parking,8.9330188000,47.3533338000
380467346,,parking,8.9323405000,47.3539485000
383896838,Post StÃ¤fa,post_office,8.7208092000,47.2403231000
385610105,,parking,8.7232724000,47.2410604000
385610106,,parking,8.7245883000,47.2413630000
386002277,,parking,8.5025734000,47.4016808000
386002307,,nightclub,8.5031055000,47.4013206000
386859733,,parking,8.6127106000,47.4221442000
387941946,,hotel,8.5659447000,47.2954839000
388294743,,parking,8.7806411000,47.3657840000
388379034,,parking,8.4696639000,47.3278699000
388379089,,parking,8.4386794000,47.2726487000
388474643,,parking,8.5256081000,47.4626636000
388474644,,parking,8.5247831000,47.4779385000
388997084,,parking,8.5576154000,47.2677271000
390952449,Friedhofparkplatz,parking,8.7866253000,47.4578357000
393956396,,parking,8.6896621000,47.2998051000
393957015,,parking,8.6905891000,47.3023545000
394824706,Post,post_office,8.3902395000,47.4607507000
401314190,,parking,8.6350140000,47.6832613000
402926918,,parking,8.8192973000,47.2677101000
403120462,HÃ¶fli,parking,8.3897879000,47.4595835000
408761837,,parking,8.7829977000,47.5209246000
408761850,,parking,8.7768337000,47.5227387000
408784935,,parking,8.7874213000,47.5231603000
408786972,,post_office,8.7886783000,47.5222609000
410431047,,parking,8.7738826000,47.4545097000
411016574,,parking,8.6492308000,47.3257899000
412510498,,parking,8.6769454000,47.2629387000
412510499,,parking,8.6779049000,47.2628741000
412510510,,parking,8.6797742000,47.2621085000
412517192,,parking,8.5502389000,47.2997042000
412536466,,parking,8.6772643000,47.2622807000
412536561,,parking,8.6781332000,47.2594917000
412536565,,parking,8.6796962000,47.2588577000
412760209,,parking,8.7065653000,47.4919010000
415887933,Bolero,nightclub,8.7223414000,47.4982416000
416001895,,post_office,8.5590414000,47.4241610000
416080684,Drei KÃ¶nige,hotel,8.7060105000,47.2088734000
419315056,,parking,8.7118275000,47.2654280000
419866101,Octavio,parking,8.5362156000,47.4135378000
419866104,Parkside,parking,8.5394878000,47.4123870000
419866106,Center Eleven,parking,8.5402673000,47.4126760000
419866127,Accu,parking,8.5400659000,47.4150023000
420355498,,parking,8.5364842000,47.3123986000
420355522,,parking,8.5351240000,47.3128574000
420418484,,parking,8.4225016000,47.2598149000
420535781,,parking,8.4571662000,47.2846010000
420535782,,parking,8.4568820000,47.2840874000
420535783,Bezirksspital Affoltern,hospital,8.4564199000,47.2846229000
420726361,,post_office,8.7051947000,47.5454678000
420850650,8134 Adliswil 2 Sood,post_office,8.5216730000,47.3199232000
422080672,,parking,8.5515516000,47.3174552000
423795766,Dynamo,nightclub,8.5393867000,47.3833064000
428304303,Continental,hotel,8.5425868000,47.3810447000
428904052,,post_office,8.5248595000,47.3127696000
430058679,Post Kollbrunn,post_office,8.7744780000,47.4581685000
430385602,,parking,8.6757908000,47.2591221000
431747994,Provisorium Dietikon 1,post_office,8.4041787000,47.4067953000
432622428,,parking,8.5253959000,47.3131115000
432622468,,parking,8.5268389000,47.3129223000
432625740,,parking,8.5251009000,47.3119039000
432629020,,parking,8.5243445000,47.3131697000
432652397,Weiningen,post_office,8.4349239000,47.4201249000
432809553,Escher Wyss,nightclub,8.5212561000,47.3899382000
433923964,Stahlwerk,nightclub,8.5212385000,47.3158247000
434325208,,parking,8.4706112000,47.4372261000
435503698,,parking,8.5340755000,47.3088196000
435520392,,parking,8.5255247000,47.3035453000
436598829,,parking,8.5542269000,47.4979996000
437464384,,parking,8.5701053000,47.5152791000
437464401,,parking,8.5652618000,47.5001722000
